{
"EVENT_ID":1567,
"DEVICE":"MPF-842248",
"DATE":"20231214",
"TIME":"12:35:41",
"TIMESTAMP":1702575341.9,
"TYPE":"RECT",
"OUTRATE":100,
"MARGIN":5,
"DURATION":1000,
"Q_RED_SETPOINT":8000,
"D_RED_PERCENT":90,
"MODRATE":250000,
"DC_SECS_OFFSET":5.6e-07,
"AC_SECS_OFFSET":-1.44e-06,
"PFD_SECS_OFFSET":1.33e-06,
"FLASH_SECS_OFFSET":-2.25e-06,
"SECS":[-0.04499975, -0.034999749999999996, -0.024999749999999998, -0.01499975, -0.004999749999999997, 0.005000250000000005, 0.01500025, 0.02500025000000001, 0.035000250000000004, 0.04500025, 0.05500025000000001, 0.06500025000000001, 0.07500024999999999, 0.08500025, 0.09500025000000001, 0.10500024999999999, 0.11500025, 0.12500025, 0.13500025, 0.14500025, 0.15500025, 0.16500025, 0.17500025, 0.18500025, 0.19500024999999999, 0.20500025, 0.21500025, 0.22500025, 0.23500025000000002, 0.24500024999999997, 0.25500025, 0.26500025, 0.27500025, 0.28500025, 0.29500025, 0.30500025, 0.31500025, 0.32500025, 0.33500025, 0.34500025, 0.35500025, 0.36500024999999997, 0.37500025, 0.38500025, 0.39500025, 0.40500025, 0.41500025, 0.42500024999999997, 0.43500025, 0.44500025, 0.45500025, 0.46500025, 0.47500025, 0.48500025, 0.49500025000000003, 0.50500025, 0.51500025, 0.52500025, 0.53500025, 0.54500025, 0.55500025, 0.56500025, 0.57500025, 0.58500025, 0.59500025, 0.60500025, 0.61500025, 0.62500025, 0.63500025, 0.6450002499999999, 0.65500025, 0.66500025, 0.67500025, 0.68500025, 0.69500025, 0.70500025, 0.71500025, 0.72500025, 0.73500025, 0.74500025, 0.75500025, 0.76500025, 0.77500025, 0.78500025, 0.79500025, 0.80500025, 0.81500025, 0.82500025, 0.83500025, 0.84500025, 0.85500025, 0.86500025, 0.87500025, 0.88500025, 0.8950002499999999, 0.90500025, 0.91500025, 0.92500025, 0.93500025, 0.94500025, 0.95500025, 0.96500025, 0.97500025, 0.98500025, 0.99500025, 1.0050002500000002, 1.0150002500000002, 1.0250002500000002, 1.0350002500000002, 1.0450002500000002],
"FLUOR":[354.622, 354.622, 355.138, 354.319, 354.926, 386.697, 386.697, 388.527, 391.716, 391.19, 393.236, 392.229, 391.527, 393.31, 393.151, 393.107, 392.903, 393.717, 392.744, 393.599, 393.486, 392.393, 393.285, 392.355, 393.216, 392.095, 392.299, 392.478, 392.376, 391.756, 392.81, 392.665, 392.606, 392.063, 391.607, 392.084, 392.272, 390.964, 391.925, 391.382, 391.51, 392.45, 391.58, 390.668, 391.492, 392.096, 390.425, 391.747, 391.988, 390.419, 390.859, 390.121, 390.307, 391.753, 391.356, 391.093, 391.129, 391.564, 391.615, 390.824, 391.602, 391.102, 391.547, 390.719, 389.507, 390.47, 390.234, 390.405, 390.553, 389.56, 391.059, 390.858, 390.749, 389.868, 390.286, 390.647, 389.739, 389.772, 390.353, 390.176, 390.115, 390.481, 390.26, 389.451, 390.616, 390.036, 390.188, 390.32, 389.43, 389.978, 390.15, 389.803, 390.387, 389.762, 389.962, 390.264, 389.824, 390.025, 389.901, 389.299, 390.486, 390.39, 389.464, 388.921, 389.054, 361.047, 361.047, 355.696, 352.91, 351.13],
"DC":[5360.44, 5362.03, 5362.26, 5363.6, 5363.78, 32275.5, 32762.1, 32976.9, 33100.2, 33172.6, 33212.4, 33234.2, 33245.8, 33249.7, 33251.6, 33251.5, 33249.2, 33246.1, 33242.5, 33237.9, 33233.5, 33229.9, 33224.9, 33220.2, 33215.3, 33211.4, 33207.2, 33201.9, 33197.9, 33194.8, 33189.8, 33184.2, 33180.2, 33176.7, 33172.7, 33168.1, 33164.4, 33161.4, 33157.3, 33153.3, 33150.2, 33146.7, 33142.3, 33139.4, 33135.6, 33131.7, 33129.4, 33125, 33121.7, 33118.7, 33115.7, 33112.8, 33110.1, 33106.2, 33103.1, 33100.6, 33097.5, 33094.3, 33090.9, 33089, 33085.9, 33083.6, 33080.4, 33078.1, 33075.6, 33072.1, 33069.8, 33067.4, 33064.8, 33061.4, 33059, 33057, 33054.5, 33052.1, 33049.6, 33047.5, 33045.2, 33042.6, 33040.3, 33038.1, 33035.8, 33033.1, 33031.5, 33029.8, 33027.2, 33025.2, 33023.7, 33021.6, 33019.6, 33017.4, 33015.5, 33013.2, 33011.1, 33010.3, 33008.1, 33005.9, 33003.5, 33001.8, 33000.2, 32999, 32996.3, 32995.6, 32993.6, 32992.4, 32990.8, 5590.82, 5446.38, 5381.92, 5344.31, 5321.09],
"PFD":[1519.89, 1519.9, 1519.89, 1519.89, 1519.89, 8322.61, 8319.24, 8316.64, 8314.25, 8312.06, 8310.01, 8308.18, 8306.43, 8304.84, 8303.33, 8301.94, 8300.63, 8299.4, 8298.24, 8297.18, 8296.15, 8295.2, 8294.29, 8293.47, 8292.69, 8291.9, 8291.21, 8290.55, 8289.9, 8289.28, 8288.71, 8288.17, 8287.65, 8287.15, 8286.66, 8286.19, 8285.77, 8285.34, 8284.95, 8284.58, 8284.2, 8283.85, 8283.5, 8283.2, 8282.86, 8282.59, 8282.3, 8282.03, 8281.72, 8281.47, 8281.21, 8280.96, 8280.73, 8280.51, 8280.29, 8280.07, 8279.83, 8279.64, 8279.43, 8279.25, 8279.04, 8278.88, 8278.7, 8278.52, 8278.35, 8278.18, 8278.02, 8277.87, 8277.72, 8277.56, 8277.41, 8277.25, 8277.12, 8277, 8276.85, 8276.72, 8276.62, 8276.51, 8276.37, 8276.23, 8276.12, 8276.03, 8275.88, 8275.77, 8275.67, 8275.55, 8275.45, 8275.35, 8275.25, 8275.15, 8275.06, 8274.96, 8274.86, 8274.77, 8274.67, 8274.57, 8274.49, 8274.4, 8274.32, 8274.23, 8274.13, 8274.09, 8273.98, 8273.92, 8273.92, 1515.48, 1516.19, 1516.75, 1517.24, 1517.24],
"RED":[1454.54, 1454.54, 1454.54, 1454.54, 1456.19, 8257.06, 8253.71, 8251.12, 8248.74, 8246.57, 8244.53, 8242.71, 8240.97, 8239.39, 8237.88, 8236.49, 8235.19, 8233.97, 8232.81, 8231.76, 8230.74, 8229.79, 8228.89, 8228.07, 8227.29, 8226.51, 8225.82, 8225.16, 8224.52, 8223.9, 8223.34, 8222.8, 8222.28, 8221.78, 8221.29, 8220.82, 8220.4, 8219.98, 8219.59, 8219.22, 8218.84, 8218.5, 8218.15, 8217.85, 8217.51, 8217.24, 8216.96, 8216.68, 8216.38, 8216.12, 8215.87, 8215.62, 8215.4, 8215.17, 8214.96, 8214.73, 8214.5, 8214.31, 8214.1, 8213.92, 8213.71, 8213.55, 8213.37, 8213.19, 8213.02, 8212.86, 8212.7, 8212.54, 8212.39, 8212.24, 8212.08, 8211.93, 8211.8, 8211.68, 8211.53, 8211.41, 8211.3, 8211.19, 8211.05, 8210.92, 8210.8, 8210.72, 8210.56, 8210.46, 8210.36, 8210.24, 8210.13, 8210.04, 8209.94, 8209.84, 8209.75, 8209.65, 8209.55, 8209.46, 8209.36, 8209.26, 8209.18, 8209.09, 8209.02, 8208.92, 8208.82, 8208.78, 8208.67, 8208.61, 8206.84, 1450.25, 1450.94, 1451.49, 1451.96, 1452.37],
"REDMODAVG":[24.9953, 24.9953, 24.9953, 24.9953, 24.9953, 24.9953, 24.9953, 24.9953, 24.9953, 24.9953, 24.9953, 24.9953, 24.9953, 24.9953, 24.9953, 24.9953, 24.9953, 24.9953, 24.9953, 24.9953, 24.9953, 24.9953, 24.9953, 24.9953, 24.9953, 24.9953, 24.9953, 24.9953, 24.9953, 24.9953, 24.9953, 24.9953, 24.9953, 24.9953, 24.9953, 24.9953, 24.9953, 24.9953, 24.9953, 24.9953, 24.9953, 24.9953, 24.9953, 24.9953, 24.9953, 24.9953, 24.9953, 24.9953, 24.9953, 24.9953, 24.9953, 24.9953, 24.9953, 24.9953, 24.9953, 24.9953, 24.9953, 24.9953, 24.9953, 24.9953, 24.9953, 24.9953, 24.9953, 24.9953, 24.9953, 24.9953, 24.9953, 24.9953, 24.9953, 24.9953, 24.9953, 24.9953, 24.9953, 24.9953, 24.9953, 24.9953, 24.9953, 24.9953, 24.9953, 24.9953, 24.9953, 24.9953, 24.9953, 24.9953, 24.9953, 24.9953, 24.9953, 24.9953, 24.9953, 24.9953, 24.9953, 24.9953, 24.9953, 24.9953, 24.9953, 24.9953, 24.9953, 24.9953, 24.9953, 24.9953, 24.9953, 24.9953, 24.9953, 24.9953, 24.9953, 24.9953, 24.9953, 24.9953, 24.9953, 24.9953],
"FARRED":[0, 0, 0, 0, 0, 0, 0, 0, 0, 0, 0, 0, 0, 0, 0, 0, 0, 0, 0, 0, 0, 0, 0, 0, 0, 0, 0, 0, 0, 0, 0, 0, 0, 0, 0, 0, 0, 0, 0, 0, 0, 0, 0, 0, 0, 0, 0, 0, 0, 0, 0, 0, 0, 0, 0, 0, 0, 0, 0, 0, 0, 0, 0, 0, 0, 0, 0, 0, 0, 0, 0, 0, 0, 0, 0, 0, 0, 0, 0, 0, 0, 0, 0, 0, 0, 0, 0, 0, 0, 0, 0, 0, 0, 0, 0, 0, 0, 0, 0, 0, 0, 0, 0, 0, 0, 0, 0, 0, 0, 0],
"CODE":[2, 2, 2, 2, 2, 3, 3, 3, 3, 3, 3, 3, 3, 3, 3, 3, 3, 3, 3, 3, 3, 3, 3, 3, 3, 3, 3, 3, 3, 3, 3, 3, 3, 3, 3, 3, 3, 3, 3, 3, 3, 3, 3, 3, 3, 3, 3, 3, 3, 3, 3, 3, 3, 3, 3, 3, 3, 3, 3, 3, 3, 3, 3, 3, 3, 3, 3, 3, 3, 3, 3, 3, 3, 3, 3, 3, 3, 3, 3, 3, 3, 3, 3, 3, 3, 3, 3, 3, 3, 3, 3, 3, 3, 3, 3, 3, 3, 3, 3, 3, 3, 3, 3, 3, 3, 7, 7, 7, 7, 7],
"Tled":38.875,
"Pre_Qin":1499.84,
"Pre_Qabs":1261.0764007588493,
"Pre_Q_red":1454.48,
"Pre_Q_blue":40.36,
"Pre_Q_farred":0.0,
"Pre_Favg":355.3239230769231,
"Pre_dF/dt":-0.4607179399578234,
"VERSION":5,
"Starts":[0, 5, 105],
"Stops":[4, 104, 109],
"T_OFFSET":0.04499975,
"Dspk_indices":[0, 5, 105],
"Dspk_values":[355.237, 385.042, 364.973],
"FMAX":393.12,
"T@FMAX":0.12500025,
"QMAX":8299.4,
"Fs":355.3,
"FLR":{"DarkAdaptedID": "RECT-1524-20220830-10_48_33", "Qmax_d": 10342.5,